
======================================================================
Analisi 3.1 SPARK CORE
Execution timestamp: 2026-05-24 10:47:54.068641
Execution time: 1.26 seconds

RESULTS (TOP 20)
----------------------------------------------------------------------
+-----------------+------+-----------+-------------+-------------+------------------+--------------------+
|op_unique_carrier|origin|num_flights|min_arr_delay|max_arr_delay|avg_arr_delay     |cancellation_rate   |
+-----------------+------+-----------+-------------+-------------+------------------+--------------------+
|WN               |BWI   |18473      |0.0          |665.0        |14.781031776105667|0.008769555567585125|
|DL               |STL   |1352       |0.0          |1003.0       |12.403846153846153|0.006656804733727811|
|G4               |BNA   |763        |0.0          |1575.0       |23.399737876802096|0.014416775884665793|
|DL               |MSY   |1772       |0.0          |1136.0       |12.773702031602708|0.011286681715575621|
|WN               |ALB   |869        |0.0          |573.0        |13.07825086306099 |0.01380897583429229 |
|OO               |TUL   |868        |0.0          |1195.0       |13.190092165898617|0.009216589861751152|
|B6               |SRQ   |193        |0.0          |1042.0       |20.419689119170986|0.046632124352331605|
|AS               |IAH   |233        |0.0          |286.0        |13.699570815450643|0.008583690987124463|
|G4               |IND   |362        |0.0          |882.0        |20.743093922651934|0.022099447513812154|
|AS               |SLC   |317        |0.0          |153.0        |9.779179810725552 |0.01892744479495268 |
|WN               |MAF   |911        |0.0          |393.0        |10.721185510428102|0.008781558726673985|
|OH               |MKE   |262        |0.0          |712.0        |25.263358778625953|0.011450381679389313|
|MQ               |HSV   |466        |0.0          |393.0        |17.373390557939913|0.008583690987124463|
|B6               |PSP   |19         |0.0          |169.0        |31.63157894736842 |0.0                 |
|DL               |OAK   |160        |0.0          |529.0        |6.48125           |0.025               |
|F9               |CHS   |52         |0.0          |218.0        |21.846153846153847|0.0                 |
|NK               |RIC   |262        |0.0          |249.0        |20.22519083969466 |0.022900763358778626|
|OH               |SAV   |891        |0.0          |1759.0       |17.443322109988777|0.010101010101010102|
|9E               |MGM   |246        |0.0          |1132.0       |15.825203252032521|0.0                 |
|B6               |PDX   |59         |0.0          |1190.0       |82.8135593220339  |0.03389830508474576 |
+-----------------+------+-----------+-------------+-------------+------------------+--------------------+
only showing top 20 rows



======================================================================
Analisi 3.1 SPARK CORE
Execution timestamp: 2026-05-24 10:47:58.320158
Execution time: 0.98 seconds

RESULTS (TOP 20)
----------------------------------------------------------------------
+-----------------+------+-----------+-------------+-------------+------------------+--------------------+
|op_unique_carrier|origin|num_flights|min_arr_delay|max_arr_delay|avg_arr_delay     |cancellation_rate   |
+-----------------+------+-----------+-------------+-------------+------------------+--------------------+
|WN               |BWI   |36883      |0.0          |665.0        |14.463275763902068|0.009082775262315972|
|DL               |STL   |2765       |0.0          |1052.0       |11.614104882459312|0.00867992766726944 |
|G4               |BNA   |1567       |0.0          |1575.0       |19.795149968091895|0.012763241863433313|
|DL               |MSY   |3557       |0.0          |1136.0       |13.970199606409896|0.010683159966263706|
|WN               |ALB   |1798       |0.0          |573.0        |12.566184649610678|0.012791991101223582|
|OO               |TUL   |1753       |0.0          |1195.0       |11.464917284654877|0.01026811180832858 |
|B6               |SRQ   |380        |0.0          |1203.0       |23.094736842105263|0.04473684210526316 |
|AS               |IAH   |443        |0.0          |318.0        |12.792325056433409|0.022573363431151242|
|G4               |IND   |732        |0.0          |1095.0       |23.614754098360656|0.02185792349726776 |
|AS               |SLC   |626        |0.0          |638.0        |13.134185303514377|0.01437699680511182 |
|WN               |MAF   |1816       |0.0          |466.0        |11.066629955947137|0.008259911894273128|
|OH               |MKE   |533        |0.0          |947.0        |22.315196998123827|0.0075046904315197  |
|MQ               |HSV   |929        |0.0          |407.0        |17.92465016146394 |0.012917115177610334|
|B6               |PSP   |31         |0.0          |169.0        |29.516129032258064|0.0                 |
|DL               |OAK   |299        |0.0          |970.0        |11.384615384615385|0.013377926421404682|
|F9               |CHS   |103        |0.0          |250.0        |19.737864077669904|0.019417475728155338|
|OO               |EAU   |14         |0.0          |29.0         |5.285714285714286 |0.07142857142857142 |
|NK               |RIC   |539        |0.0          |931.0        |20.807050092764378|0.01855287569573284 |
|OH               |SAV   |1749       |0.0          |1759.0       |15.580903373356204|0.009719839908519153|
|9E               |MGM   |452        |0.0          |1132.0       |12.798672566371682|0.004424778761061947|
+-----------------+------+-----------+-------------+-------------+------------------+--------------------+
only showing top 20 rows



======================================================================
Analisi 3.1 SPARK CORE
Execution timestamp: 2026-05-24 10:48:06.521541
Execution time: 1.99 seconds

RESULTS (TOP 20)
----------------------------------------------------------------------
+-----------------+------+-----------+-------------+-------------+------------------+--------------------+
|op_unique_carrier|origin|num_flights|min_arr_delay|max_arr_delay|avg_arr_delay     |cancellation_rate   |
+-----------------+------+-----------+-------------+-------------+------------------+--------------------+
|AS               |IAH   |883        |0.0          |323.0        |12.90373725934315 |0.02378255945639864 |
|AS               |SLC   |1235       |0.0          |638.0        |11.180566801619433|0.01862348178137652 |
|B6               |SRQ   |769        |0.0          |1203.0       |22.211963589076724|0.03901170351105332 |
|DL               |STL   |5528       |0.0          |1057.0       |11.318921852387843|0.00723589001447178 |
|DL               |MSY   |7243       |0.0          |1278.0       |13.835703437802016|0.009526439320723458|
|G4               |BNA   |3029       |0.0          |1575.0       |17.049191152195444|0.014526246285902938|
|G4               |IND   |1478       |0.0          |1098.0       |22.119079837618404|0.02097428958051421 |
|OO               |TUL   |3500       |0.0          |1195.0       |11.489142857142857|0.006857142857142857|
|WN               |BWI   |73243      |0.0          |665.0        |14.590923364690141|0.009106672309981842|
|WN               |ALB   |3532       |0.0          |646.0        |12.305209513023783|0.009060022650056626|
|B6               |PSP   |79         |0.0          |1046.0       |32.379746835443036|0.012658227848101266|
|DL               |OAK   |567        |0.0          |970.0        |9.982363315696649 |0.014109347442680775|
|MQ               |HSV   |1840       |0.0          |710.0        |17.71195652173913 |0.016304347826086956|
|OH               |MKE   |997        |0.0          |1270.0       |22.42026078234704 |0.01805416248746239 |
|WN               |MAF   |3675       |0.0          |555.0        |11.417414965986394|0.010068027210884354|
|9E               |MGM   |922        |0.0          |1132.0       |13.313449023861171|0.006507592190889371|
|MQ               |VPS   |382        |0.0          |919.0        |20.787958115183248|0.028795811518324606|
|NK               |RIC   |1110       |0.0          |931.0        |19.947747747747748|0.018018018018018018|
|OH               |SAV   |3484       |0.0          |1858.0       |15.713260619977039|0.012629161882893225|
|9E               |TVC   |241        |0.0          |1144.0       |15.32780082987552 |0.008298755186721992|
+-----------------+------+-----------+-------------+-------------+------------------+--------------------+
only showing top 20 rows



======================================================================
Analisi 3.1 SPARK CORE
Execution timestamp: 2026-05-24 10:48:23.096802
Execution time: 2.67 seconds

RESULTS (TOP 20)
----------------------------------------------------------------------
+-----------------+------+-----------+-------------+-------------+------------------+--------------------+
|op_unique_carrier|origin|num_flights|min_arr_delay|max_arr_delay|avg_arr_delay     |cancellation_rate   |
+-----------------+------+-----------+-------------+-------------+------------------+--------------------+
|AS               |IAH   |1766       |0.0          |323.0        |12.90373725934315 |0.02378255945639864 |
|AS               |SLC   |2470       |0.0          |638.0        |11.180566801619433|0.01862348178137652 |
|B6               |SRQ   |1538       |0.0          |1203.0       |22.211963589076724|0.03901170351105332 |
|DL               |STL   |11056      |0.0          |1057.0       |11.318921852387843|0.00723589001447178 |
|DL               |MSY   |14486      |0.0          |1278.0       |13.835703437802016|0.009526439320723458|
|G4               |BNA   |6058       |0.0          |1575.0       |17.049191152195444|0.014526246285902938|
|G4               |IND   |2956       |0.0          |1098.0       |22.119079837618404|0.02097428958051421 |
|OO               |TUL   |7000       |0.0          |1195.0       |11.489142857142857|0.006857142857142857|
|WN               |BWI   |146486     |0.0          |665.0        |14.590923364690141|0.009106672309981842|
|WN               |ALB   |7064       |0.0          |646.0        |12.305209513023783|0.009060022650056626|
|B6               |PSP   |158        |0.0          |1046.0       |32.379746835443036|0.012658227848101266|
|DL               |OAK   |1134       |0.0          |970.0        |9.982363315696649 |0.014109347442680775|
|MQ               |HSV   |3680       |0.0          |710.0        |17.71195652173913 |0.016304347826086956|
|OH               |MKE   |1994       |0.0          |1270.0       |22.42026078234704 |0.01805416248746239 |
|WN               |MAF   |7350       |0.0          |555.0        |11.417414965986394|0.010068027210884354|
|F9               |CHS   |350        |0.0          |250.0        |21.434285714285714|0.022857142857142857|
|9E               |MGM   |1844       |0.0          |1132.0       |13.313449023861171|0.006507592190889371|
|MQ               |VPS   |764        |0.0          |919.0        |20.787958115183248|0.028795811518324606|
|NK               |RIC   |2220       |0.0          |931.0        |19.947747747747748|0.018018018018018018|
|OH               |SAV   |6968       |0.0          |1858.0       |15.713260619977039|0.012629161882893225|
+-----------------+------+-----------+-------------+-------------+------------------+--------------------+
only showing top 20 rows



======================================================================
Analisi 3.1 SPARK CORE
Execution timestamp: 2026-05-24 10:48:53.160618
Execution time: 6.28 seconds

RESULTS (TOP 20)
----------------------------------------------------------------------
+-----------------+------+-----------+-------------+-------------+------------------+--------------------+
|op_unique_carrier|origin|num_flights|min_arr_delay|max_arr_delay|avg_arr_delay     |cancellation_rate   |
+-----------------+------+-----------+-------------+-------------+------------------+--------------------+
|AS               |IAH   |3532       |0.0          |323.0        |12.90373725934315 |0.02378255945639864 |
|AS               |SLC   |4940       |0.0          |638.0        |11.180566801619433|0.01862348178137652 |
|B6               |SRQ   |3076       |0.0          |1203.0       |22.211963589076724|0.03901170351105332 |
|DL               |STL   |22112      |0.0          |1057.0       |11.318921852387843|0.00723589001447178 |
|DL               |MSY   |28972      |0.0          |1278.0       |13.835703437802016|0.009526439320723458|
|G4               |BNA   |12116      |0.0          |1575.0       |17.049191152195444|0.014526246285902938|
|G4               |IND   |5912       |0.0          |1098.0       |22.119079837618404|0.02097428958051421 |
|OO               |TUL   |14000      |0.0          |1195.0       |11.489142857142857|0.006857142857142857|
|WN               |BWI   |292972     |0.0          |665.0        |14.590923364690141|0.009106672309981842|
|WN               |ALB   |14128      |0.0          |646.0        |12.305209513023783|0.009060022650056626|
|B6               |PSP   |316        |0.0          |1046.0       |32.379746835443036|0.012658227848101266|
|DL               |OAK   |2268       |0.0          |970.0        |9.982363315696649 |0.014109347442680775|
|MQ               |HSV   |7360       |0.0          |710.0        |17.71195652173913 |0.016304347826086956|
|OH               |MKE   |3988       |0.0          |1270.0       |22.42026078234704 |0.01805416248746239 |
|WN               |MAF   |14700      |0.0          |555.0        |11.417414965986394|0.010068027210884354|
|F9               |CHS   |700        |0.0          |250.0        |21.434285714285714|0.022857142857142857|
|9E               |MGM   |3688       |0.0          |1132.0       |13.313449023861171|0.006507592190889371|
|MQ               |VPS   |1528       |0.0          |919.0        |20.787958115183248|0.028795811518324606|
|NK               |RIC   |4440       |0.0          |931.0        |19.947747747747748|0.018018018018018018|
|OH               |SAV   |13936      |0.0          |1858.0       |15.713260619977039|0.012629161882893225|
+-----------------+------+-----------+-------------+-------------+------------------+--------------------+
only showing top 20 rows



================================================================================
SPARK SQL 3.1 - analisi_3_1_quarter
================================================================================
+-----------------+------+-----------+-------------+-------------+------------------+--------------------+---------------------------------------+
|op_unique_carrier|origin|num_flights|min_arr_delay|max_arr_delay|avg_arr_delay     |cancellation_rate   |months_active                          |
+-----------------+------+-----------+-------------+-------------+------------------+--------------------+---------------------------------------+
|9E               |ABE   |236        |0.0          |386.0        |13.016949152542374|0.00423728813559322 |[12, 9, 1, 5, 2, 6, 3, 10, 7, 4, 11, 8]|
|9E               |ABY   |9          |0.0          |43.0         |8.0               |0.0                 |[12, 1, 2, 3, 11]                      |
|9E               |AEX   |212        |0.0          |872.0        |27.0              |0.009433962264150943|[12, 9, 1, 5, 2, 6, 3, 10, 7, 4, 11, 8]|
|9E               |AGS   |386        |0.0          |534.0        |16.930051813471504|0.02072538860103627 |[12, 9, 1, 5, 2, 6, 3, 10, 7, 4, 11, 8]|
|9E               |ALB   |275        |0.0          |380.0        |8.956363636363637 |0.01818181818181818 |[12, 9, 1, 5, 2, 6, 3, 10, 7, 4, 11, 8]|
|9E               |ATL   |6657       |0.0          |983.0        |10.762505633168093|0.01216764308246958 |[12, 9, 1, 5, 2, 6, 3, 10, 7, 4, 11, 8]|
|9E               |ATW   |40         |0.0          |420.0        |30.8              |0.0                 |[9, 1, 5, 6, 10, 4]                    |
|9E               |AUS   |101        |0.0          |469.0        |15.514851485148515|0.0                 |[1, 5, 2, 6, 3, 7, 4, 11]              |
|9E               |AVL   |161        |0.0          |835.0        |17.714285714285715|0.012422360248447204|[12, 9, 1, 5, 2, 6, 3, 10, 7, 4, 11, 8]|
|9E               |AZO   |3          |0.0          |71.0         |24.0              |0.0                 |[1]                                    |
|9E               |BDL   |86         |0.0          |303.0        |10.534883720930232|0.046511627906976744|[12, 9, 1, 5, 2, 6, 3, 10, 7, 4, 8]    |
|9E               |BGM   |102        |0.0          |1051.0       |31.245098039215687|0.0392156862745098  |[12, 9, 1, 5, 2, 6, 3, 10, 7, 4, 11, 8]|
|9E               |BGR   |306        |0.0          |459.0        |12.993464052287582|0.032679738562091505|[12, 9, 1, 5, 2, 6, 3, 10, 7, 4, 11, 8]|
|9E               |BHM   |281        |0.0          |330.0        |12.01423487544484 |0.03558718861209965 |[12, 9, 1, 5, 2, 6, 3, 10, 7, 4, 11, 8]|
|9E               |BIS   |4          |2.0          |102.0        |41.25             |0.0                 |[7, 8]                                 |
|9E               |BMI   |174        |0.0          |380.0        |13.0              |0.017241379310344827|[12, 9, 1, 5, 2, 6, 3, 10, 7, 4, 11, 8]|
|9E               |BNA   |299        |0.0          |893.0        |15.602006688963211|0.04013377926421405 |[12, 9, 1, 5, 2, 6, 3, 10, 7, 4, 11, 8]|
|9E               |BOS   |3          |0.0          |0.0          |0.0               |0.0                 |[1]                                    |
|9E               |BQK   |31         |0.0          |163.0        |17.580645161290324|0.0                 |[12, 6, 3, 4, 11]                      |
|9E               |BTR   |132        |0.0          |278.0        |14.674242424242424|0.007575757575757576|[12, 9, 1, 5, 2, 6, 3, 10, 7, 11, 8]   |
+-----------------+------+-----------+-------------+-------------+------------------+--------------------+---------------------------------------+
only showing top 20 rows


Execution time: 3.20 seconds

================================================================================
SPARK SQL 3.1 - analisi_3_1_half
================================================================================
+-----------------+------+-----------+-------------+-------------+------------------+--------------------+---------------------------------------+
|op_unique_carrier|origin|num_flights|min_arr_delay|max_arr_delay|avg_arr_delay     |cancellation_rate   |months_active                          |
+-----------------+------+-----------+-------------+-------------+------------------+--------------------+---------------------------------------+
|9E               |ABE   |490        |0.0          |575.0        |15.3              |0.006122448979591836|[12, 9, 1, 5, 2, 6, 3, 10, 7, 4, 11, 8]|
|9E               |ABY   |17         |0.0          |141.0        |12.529411764705882|0.0                 |[12, 1, 2, 3, 11]                      |
|9E               |AEX   |426        |0.0          |872.0        |21.73474178403756 |0.014084507042253521|[12, 9, 1, 5, 2, 6, 3, 10, 7, 4, 11, 8]|
|9E               |AGS   |829        |0.0          |534.0        |15.655006031363088|0.018094089264173704|[12, 9, 1, 5, 2, 6, 3, 10, 7, 4, 11, 8]|
|9E               |ALB   |533        |0.0          |394.0        |8.045028142589118 |0.020637898686679174|[12, 9, 1, 5, 2, 6, 3, 10, 7, 4, 11, 8]|
|9E               |ATL   |13383      |0.0          |991.0        |10.774639467981768|0.011208249271463798|[12, 9, 1, 5, 2, 6, 3, 10, 7, 4, 11, 8]|
|9E               |ATW   |78         |0.0          |420.0        |21.641025641025642|0.0                 |[9, 1, 5, 6, 10, 7, 4, 8]              |
|9E               |AUS   |203        |0.0          |1069.0       |17.492610837438423|0.009852216748768473|[1, 5, 2, 6, 3, 7, 4, 11]              |
|9E               |AVL   |340        |0.0          |835.0        |13.955882352941176|0.01764705882352941 |[12, 9, 1, 5, 2, 6, 3, 10, 7, 4, 11, 8]|
|9E               |AZO   |7          |0.0          |71.0         |12.857142857142858|0.0                 |[1]                                    |
|9E               |BDL   |188        |0.0          |303.0        |10.547872340425531|0.026595744680851064|[12, 9, 1, 5, 2, 6, 3, 10, 7, 4, 8]    |
|9E               |BGM   |182        |0.0          |1051.0       |23.115384615384617|0.038461538461538464|[12, 9, 1, 5, 2, 6, 3, 10, 7, 4, 11, 8]|
|9E               |BGR   |654        |0.0          |459.0        |11.131498470948012|0.027522935779816515|[12, 9, 1, 5, 2, 6, 3, 10, 7, 4, 11, 8]|
|9E               |BHM   |556        |0.0          |372.0        |11.179856115107913|0.03597122302158273 |[12, 9, 1, 5, 2, 6, 3, 10, 7, 4, 11, 8]|
|9E               |BIS   |6          |0.0          |102.0        |28.333333333333332|0.0                 |[9, 7, 8]                              |
|9E               |BMI   |364        |0.0          |380.0        |12.104395604395604|0.016483516483516484|[12, 9, 1, 5, 2, 6, 3, 10, 7, 4, 11, 8]|
|9E               |BNA   |607        |0.0          |1132.0       |25.44810543657331 |0.04118616144975288 |[12, 9, 1, 5, 2, 6, 3, 10, 7, 4, 11, 8]|
|9E               |BOS   |6          |0.0          |23.0         |3.8333333333333335|0.0                 |[1]                                    |
|9E               |BQK   |63         |0.0          |165.0        |14.746031746031745|0.0                 |[12, 6, 3, 7, 4, 11]                   |
|9E               |BTR   |255        |0.0          |1015.0       |18.180392156862744|0.011764705882352941|[12, 9, 1, 5, 2, 6, 3, 10, 7, 11, 8]   |
+-----------------+------+-----------+-------------+-------------+------------------+--------------------+---------------------------------------+
only showing top 20 rows


Execution time: 2.49 seconds

================================================================================
SPARK SQL 3.1 - analisi_3_1
================================================================================
+-----------------+------+-----------+-------------+-------------+------------------+--------------------+---------------------------------------+
|op_unique_carrier|origin|num_flights|min_arr_delay|max_arr_delay|avg_arr_delay     |cancellation_rate   |months_active                          |
+-----------------+------+-----------+-------------+-------------+------------------+--------------------+---------------------------------------+
|9E               |ABE   |1017       |0.0          |575.0        |13.583087512291051|0.01376597836774828 |[12, 9, 1, 5, 2, 6, 3, 10, 7, 4, 11, 8]|
|9E               |ABY   |38         |0.0          |321.0        |16.263157894736842|0.0                 |[12, 1, 2, 3, 11]                      |
|9E               |AEX   |878        |0.0          |979.0        |19.444191343963553|0.010250569476082005|[12, 9, 1, 5, 2, 6, 3, 10, 7, 4, 11, 8]|
|9E               |AGS   |1603       |0.0          |1091.0       |16.252027448533998|0.020586400499064253|[12, 9, 1, 5, 2, 6, 3, 10, 7, 4, 11, 8]|
|9E               |ALB   |1089       |0.0          |394.0        |9.676767676767676 |0.01928374655647383 |[12, 9, 1, 5, 2, 6, 3, 10, 7, 4, 11, 8]|
|9E               |ATL   |26877      |0.0          |1207.0       |10.550582282248763|0.010901514305912118|[12, 9, 1, 5, 2, 6, 3, 10, 7, 4, 11, 8]|
|9E               |ATW   |176        |0.0          |420.0        |19.204545454545453|0.0                 |[9, 1, 5, 6, 10, 7, 4, 8]              |
|9E               |AUS   |379        |0.0          |1225.0       |20.883905013192614|0.005277044854881266|[1, 5, 2, 6, 3, 7, 4, 11]              |
|9E               |AVL   |675        |0.0          |949.0        |14.983703703703704|0.02074074074074074 |[12, 9, 1, 5, 2, 6, 3, 10, 7, 4, 11, 8]|
|9E               |AZO   |14         |0.0          |71.0         |6.428571428571429 |0.0                 |[1]                                    |
|9E               |BDL   |366        |0.0          |303.0        |11.03825136612022 |0.030054644808743168|[12, 9, 1, 5, 2, 6, 3, 10, 7, 4, 8]    |
|9E               |BGM   |367        |0.0          |1051.0       |18.019073569482288|0.0326975476839237  |[12, 9, 1, 5, 2, 6, 3, 10, 7, 4, 11, 8]|
|9E               |BGR   |1262       |0.0          |459.0        |9.432646592709984 |0.04041204437400951 |[12, 9, 1, 5, 2, 6, 3, 10, 7, 4, 11, 8]|
|9E               |BHM   |1115       |0.0          |730.0        |11.013452914798206|0.03497757847533632 |[12, 9, 1, 5, 2, 6, 3, 10, 7, 4, 11, 8]|
|9E               |BIS   |10         |0.0          |102.0        |19.8              |0.0                 |[9, 7, 8]                              |
|9E               |BMI   |731        |0.0          |567.0        |11.969904240766073|0.012311901504787962|[12, 9, 1, 5, 2, 6, 3, 10, 7, 4, 11, 8]|
|9E               |BNA   |1189       |0.0          |1214.0       |25.449957947855342|0.03784693019343986 |[12, 9, 1, 5, 2, 6, 3, 10, 7, 4, 11, 8]|
|9E               |BOS   |8          |0.0          |23.0         |2.875             |0.125               |[1]                                    |
|9E               |BQK   |142        |0.0          |508.0        |16.408450704225352|0.0                 |[12, 6, 3, 7, 4, 11]                   |
|9E               |BTR   |502        |0.0          |1015.0       |14.163346613545817|0.017928286852589643|[12, 9, 1, 5, 2, 6, 3, 10, 7, 11, 8]   |
+-----------------+------+-----------+-------------+-------------+------------------+--------------------+---------------------------------------+
only showing top 20 rows


Execution time: 4.71 seconds

================================================================================
SPARK SQL 3.1 - analisi_3_1_double
================================================================================
+-----------------+------+-----------+-------------+-------------+------------------+--------------------+---------------------------------------+
|op_unique_carrier|origin|num_flights|min_arr_delay|max_arr_delay|avg_arr_delay     |cancellation_rate   |months_active                          |
+-----------------+------+-----------+-------------+-------------+------------------+--------------------+---------------------------------------+
|9E               |ABE   |2034       |0.0          |575.0        |13.583087512291051|0.01376597836774828 |[12, 9, 1, 5, 2, 6, 3, 10, 7, 4, 11, 8]|
|9E               |ABY   |76         |0.0          |321.0        |16.263157894736842|0.0                 |[12, 1, 2, 3, 11]                      |
|9E               |AEX   |1756       |0.0          |979.0        |19.444191343963553|0.010250569476082005|[12, 9, 1, 5, 2, 6, 3, 10, 7, 4, 11, 8]|
|9E               |AGS   |3206       |0.0          |1091.0       |16.252027448533998|0.020586400499064253|[12, 9, 1, 5, 2, 6, 3, 10, 7, 4, 11, 8]|
|9E               |ALB   |2178       |0.0          |394.0        |9.676767676767676 |0.01928374655647383 |[12, 9, 1, 5, 2, 6, 3, 10, 7, 4, 11, 8]|
|9E               |ATL   |53754      |0.0          |1207.0       |10.550582282248763|0.010901514305912118|[12, 9, 1, 5, 2, 6, 3, 10, 7, 4, 11, 8]|
|9E               |ATW   |352        |0.0          |420.0        |19.204545454545453|0.0                 |[9, 1, 5, 6, 10, 7, 4, 8]              |
|9E               |AUS   |758        |0.0          |1225.0       |20.883905013192614|0.005277044854881266|[1, 5, 2, 6, 3, 7, 4, 11]              |
|9E               |AVL   |1350       |0.0          |949.0        |14.983703703703704|0.02074074074074074 |[12, 9, 1, 5, 2, 6, 3, 10, 7, 4, 11, 8]|
|9E               |AZO   |28         |0.0          |71.0         |6.428571428571429 |0.0                 |[1]                                    |
|9E               |BDL   |732        |0.0          |303.0        |11.03825136612022 |0.030054644808743168|[12, 9, 1, 5, 2, 6, 3, 10, 7, 4, 8]    |
|9E               |BGM   |734        |0.0          |1051.0       |18.019073569482288|0.0326975476839237  |[12, 9, 1, 5, 2, 6, 3, 10, 7, 4, 11, 8]|
|9E               |BGR   |2524       |0.0          |459.0        |9.432646592709984 |0.04041204437400951 |[12, 9, 1, 5, 2, 6, 3, 10, 7, 4, 11, 8]|
|9E               |BHM   |2230       |0.0          |730.0        |11.013452914798206|0.03497757847533632 |[12, 9, 1, 5, 2, 6, 3, 10, 7, 4, 11, 8]|
|9E               |BIS   |20         |0.0          |102.0        |19.8              |0.0                 |[9, 7, 8]                              |
|9E               |BMI   |1462       |0.0          |567.0        |11.969904240766073|0.012311901504787962|[12, 9, 1, 5, 2, 6, 3, 10, 7, 4, 11, 8]|
|9E               |BNA   |2378       |0.0          |1214.0       |25.449957947855342|0.03784693019343986 |[12, 9, 1, 5, 2, 6, 3, 10, 7, 4, 11, 8]|
|9E               |BOS   |16         |0.0          |23.0         |2.875             |0.125               |[1]                                    |
|9E               |BQK   |284        |0.0          |508.0        |16.408450704225352|0.0                 |[12, 6, 3, 7, 4, 11]                   |
|9E               |BTR   |1004       |0.0          |1015.0       |14.163346613545817|0.017928286852589643|[12, 9, 1, 5, 2, 6, 3, 10, 7, 11, 8]   |
+-----------------+------+-----------+-------------+-------------+------------------+--------------------+---------------------------------------+
only showing top 20 rows


Execution time: 7.98 seconds

================================================================================
SPARK SQL 3.1 - analisi_3_1_quadruple
================================================================================
+-----------------+------+-----------+-------------+-------------+------------------+--------------------+---------------------------------------+
|op_unique_carrier|origin|num_flights|min_arr_delay|max_arr_delay|avg_arr_delay     |cancellation_rate   |months_active                          |
+-----------------+------+-----------+-------------+-------------+------------------+--------------------+---------------------------------------+
|9E               |ABE   |4068       |0.0          |575.0        |13.583087512291051|0.01376597836774828 |[12, 9, 1, 5, 2, 6, 3, 10, 7, 4, 11, 8]|
|9E               |ABY   |152        |0.0          |321.0        |16.263157894736842|0.0                 |[12, 1, 2, 3, 11]                      |
|9E               |AEX   |3512       |0.0          |979.0        |19.444191343963553|0.010250569476082005|[12, 9, 1, 5, 2, 6, 3, 10, 7, 4, 11, 8]|
|9E               |AGS   |6412       |0.0          |1091.0       |16.252027448533998|0.020586400499064253|[12, 9, 1, 5, 2, 6, 3, 10, 7, 4, 11, 8]|
|9E               |ALB   |4356       |0.0          |394.0        |9.676767676767676 |0.01928374655647383 |[12, 9, 1, 5, 2, 6, 3, 10, 7, 4, 11, 8]|
|9E               |ATL   |107508     |0.0          |1207.0       |10.550582282248763|0.010901514305912118|[12, 9, 1, 5, 2, 6, 3, 10, 7, 4, 11, 8]|
|9E               |ATW   |704        |0.0          |420.0        |19.204545454545453|0.0                 |[9, 1, 5, 6, 10, 7, 4, 8]              |
|9E               |AUS   |1516       |0.0          |1225.0       |20.883905013192614|0.005277044854881266|[1, 5, 2, 6, 3, 7, 4, 11]              |
|9E               |AVL   |2700       |0.0          |949.0        |14.983703703703704|0.02074074074074074 |[12, 9, 1, 5, 2, 6, 3, 10, 7, 4, 11, 8]|
|9E               |AZO   |56         |0.0          |71.0         |6.428571428571429 |0.0                 |[1]                                    |
|9E               |BDL   |1464       |0.0          |303.0        |11.03825136612022 |0.030054644808743168|[12, 9, 1, 5, 2, 6, 3, 10, 7, 4, 8]    |
|9E               |BGM   |1468       |0.0          |1051.0       |18.019073569482288|0.0326975476839237  |[12, 9, 1, 5, 2, 6, 3, 10, 7, 4, 11, 8]|
|9E               |BGR   |5048       |0.0          |459.0        |9.432646592709984 |0.04041204437400951 |[12, 9, 1, 5, 2, 6, 3, 10, 7, 4, 11, 8]|
|9E               |BHM   |4460       |0.0          |730.0        |11.013452914798206|0.03497757847533632 |[12, 9, 1, 5, 2, 6, 3, 10, 7, 4, 11, 8]|
|9E               |BIS   |40         |0.0          |102.0        |19.8              |0.0                 |[9, 7, 8]                              |
|9E               |BMI   |2924       |0.0          |567.0        |11.969904240766073|0.012311901504787962|[12, 9, 1, 5, 2, 6, 3, 10, 7, 4, 11, 8]|
|9E               |BNA   |4756       |0.0          |1214.0       |25.449957947855342|0.03784693019343986 |[12, 9, 1, 5, 2, 6, 3, 10, 7, 4, 11, 8]|
|9E               |BOS   |32         |0.0          |23.0         |2.875             |0.125               |[1]                                    |
|9E               |BQK   |568        |0.0          |508.0        |16.408450704225352|0.0                 |[12, 6, 3, 7, 4, 11]                   |
|9E               |BTR   |2008       |0.0          |1015.0       |14.163346613545817|0.017928286852589643|[12, 9, 1, 5, 2, 6, 3, 10, 7, 11, 8]   |
+-----------------+------+-----------+-------------+-------------+------------------+--------------------+---------------------------------------+
only showing top 20 rows


Execution time: 18.76 seconds

======================================================================
Analisi 3.3 SPARK CORE
Execution timestamp: 2026-05-24 10:54:01.111353
Execution time: 1.44 seconds

RESULTS (TOP 20)
----------------------------------------------------------------------
+------+-----------------+-----------+------------------+------------------+---------------------+---------------------+--------------------+----+
|origin|op_unique_carrier|num_flights|avg_dep_delay     |avg_arr_delay     |cancellation_rate    |airport_avg_dep_delay|dep_delay_diff      |rank|
+------+-----------------+-----------+------------------+------------------+---------------------+---------------------+--------------------+----+
|ABE   |9E               |236        |12.19915254237288 |13.016949152542374|0.00423728813559322  |16.042897998093423   |-3.8437454557205424 |1   |
|ABE   |OO               |72         |14.652777777777779|14.055555555555555|0.027777777777777776 |16.042897998093423   |-1.3901202203156444 |2   |
|ABE   |G4               |465        |16.159139784946237|16.333333333333332|0.015053763440860216 |16.042897998093423   |0.1162417868528145  |3   |
|ABE   |OH               |276        |19.496376811594203|18.36231884057971 |0.010869565217391304 |16.042897998093423   |3.45347881350078    |4   |
|ABI   |MQ               |464        |9.741379310344827 |10.814655172413794|0.010775862068965518 |9.741379310344827    |0.0                 |1   |
|ABQ   |DL               |386        |3.411917098445596 |3.8860103626943006|0.0051813471502590676|12.682990108642777   |-9.271073010197181  |1   |
|ABQ   |OO               |1066       |6.905253283302064 |7.608818011257036 |0.0028142589118198874|12.682990108642777   |-5.777736825340713  |2   |
|ABQ   |MQ               |240        |10.075            |11.129166666666666|0.004166666666666667 |12.682990108642777   |-2.6079901086427775 |3   |
|ABQ   |WN               |2924       |12.688098495212039|11.545485636114911|0.004103967168262654 |12.682990108642777   |0.005108386569261825|4   |
|ABQ   |UA               |468        |13.995726495726496|13.508547008547009|0.017094017094017096 |12.682990108642777   |1.312736387083719   |5   |
|ABQ   |NK               |119        |14.294117647058824|14.327731092436975|0.008403361344537815 |12.682990108642777   |1.6111275384160475  |6   |
|ABQ   |AS               |106        |15.924528301886792|15.575471698113208|0.018867924528301886 |12.682990108642777   |3.241538193244015   |7   |
|ABQ   |AA               |803        |20.86052303860523 |20.877957658779575|0.021170610211706103 |12.682990108642777   |8.177532929962453   |8   |
|ABQ   |B6               |55         |60.54545454545455 |55.38181818181818 |0.0                  |12.682990108642777   |47.86246443681177   |9   |
|ABR   |OO               |188        |23.80851063829787 |24.02127659574468 |0.010638297872340425 |23.80851063829787    |0.0                 |1   |
|ABY   |9E               |9          |7.777777777777778 |8.0               |0.0                  |27.364077669902912   |-19.586299892125133 |1   |
|ABY   |OO               |197        |28.258883248730964|28.548223350253807|0.0                  |27.364077669902912   |0.894805578828052   |2   |
|ACK   |MQ               |3          |8.0               |7.0               |0.0                  |17.74641148325359    |-9.746411483253588  |1   |
|ACK   |YX               |147        |12.34013605442177 |16.034013605442176|0.10204081632653061  |17.74641148325359    |-5.406275428831819  |2   |
|ACK   |B6               |260        |19.942307692307693|15.26923076923077 |0.03076923076923077  |17.74641148325359    |2.195896209054105   |3   |
+------+-----------------+-----------+------------------+------------------+---------------------+---------------------+--------------------+----+
only showing top 20 rows



======================================================================
Analisi 3.3 SPARK CORE
Execution timestamp: 2026-05-24 10:54:06.593216
Execution time: 1.66 seconds

RESULTS (TOP 20)
----------------------------------------------------------------------
+------+-----------------+-----------+------------------+------------------+--------------------+---------------------+--------------------+----+
|origin|op_unique_carrier|num_flights|avg_dep_delay     |avg_arr_delay     |cancellation_rate   |airport_avg_dep_delay|dep_delay_diff      |rank|
+------+-----------------+-----------+------------------+------------------+--------------------+---------------------+--------------------+----+
|ABE   |G4               |941        |14.657810839532413|14.59086078639745 |0.012752391073326248|17.155452436194896   |-2.4976415966624828 |1   |
|ABE   |9E               |490        |15.004081632653062|15.3              |0.006122448979591836|17.155452436194896   |-2.151370803541834  |2   |
|ABE   |OH               |576        |20.177083333333332|18.51215277777778 |0.015625            |17.155452436194896   |3.0216308971384365  |3   |
|ABE   |OO               |148        |28.39864864864865 |27.4527027027027  |0.0472972972972973  |17.155452436194896   |11.243196212453753  |4   |
|ABI   |MQ               |900        |10.075555555555555|10.992222222222223|0.008888888888888889|10.075555555555555   |0.0                 |1   |
|ABQ   |DL               |776        |4.161082474226804 |4.698453608247423 |0.010309278350515464|13.118229422353133   |-8.95714694812633   |1   |
|ABQ   |OO               |2102       |7.379638439581351 |8.04138915318744  |0.003805899143672693|13.118229422353133   |-5.7385909827717825 |2   |
|ABQ   |MQ               |457        |10.172866520787746|11.645514223194748|0.002188183807439825|13.118229422353133   |-2.945362901565387  |3   |
|ABQ   |UA               |912        |12.237938596491228|12.057017543859649|0.013157894736842105|13.118229422353133   |-0.8802908258619055 |4   |
|ABQ   |WN               |5894       |12.709535120461487|11.57431286053614 |0.004750593824228029|13.118229422353133   |-0.40869430189164646|5   |
|ABQ   |NK               |258        |14.484496124031008|14.507751937984496|0.003875968992248062|13.118229422353133   |1.3662667016778745  |6   |
|ABQ   |AS               |204        |16.029411764705884|16.475490196078432|0.00980392156862745 |13.118229422353133   |2.9111823423527508  |7   |
|ABQ   |AA               |1504       |25.090425531914892|24.95811170212766 |0.020611702127659573|13.118229422353133   |11.972196109561759  |8   |
|ABQ   |B6               |115        |53.278260869565216|50.130434782608695|0.02608695652173913 |13.118229422353133   |40.160031447212084  |9   |
|ABR   |OO               |379        |23.218997361477573|23.25065963060686 |0.0079155672823219  |23.218997361477573   |0.0                 |1   |
|ABY   |9E               |17         |12.823529411764707|12.529411764705882|0.0                 |25.58205128205128    |-12.758521870286575 |1   |
|ABY   |OO               |373        |26.16353887399464 |27.17426273458445 |0.002680965147453083|25.58205128205128    |0.5814875919433575  |2   |
|ACK   |MQ               |10         |11.0              |13.3              |0.0                 |21.594152046783627   |-10.594152046783627 |1   |
|ACK   |YX               |294        |21.078231292517007|23.666666666666668|0.0782312925170068  |21.594152046783627   |-0.5159207542666202 |2   |
|ACK   |B6               |537        |21.84171322160149 |19.93854748603352 |0.04655493482309125 |21.594152046783627   |0.24756117481786433 |3   |
+------+-----------------+-----------+------------------+------------------+--------------------+---------------------+--------------------+----+
only showing top 20 rows



======================================================================
Analisi 3.3 SPARK CORE
Execution timestamp: 2026-05-24 10:54:20.751088
Execution time: 3.56 seconds

RESULTS (TOP 20)
----------------------------------------------------------------------
+------+-----------------+-----------+------------------+------------------+--------------------+---------------------+-------------------+----+
|origin|op_unique_carrier|num_flights|avg_dep_delay     |avg_arr_delay     |cancellation_rate   |airport_avg_dep_delay|dep_delay_diff     |rank|
+------+-----------------+-----------+------------------+------------------+--------------------+---------------------+-------------------+----+
|ABE   |9E               |1017       |13.43362831858407 |13.583087512291051|0.01376597836774828 |17.849665667512106   |-4.416037348928036 |1   |
|ABE   |G4               |1839       |15.015225666122893|14.671560630777597|0.01631321370309951 |17.849665667512106   |-2.834440001389213 |2   |
|ABE   |OH               |1166       |21.493138936535164|20.178387650085764|0.012864493996569469|17.849665667512106   |3.6434732690230582 |3   |
|ABE   |OO               |315        |35.16825396825397 |33.67301587301587 |0.0380952380952381  |17.849665667512106   |17.318588300741865 |4   |
|ABI   |MQ               |1757       |12.170176437108708|12.85088218554354 |0.008537279453614115|12.170176437108708   |0.0                |1   |
|ABQ   |DL               |1547       |6.471881060116354 |6.904330963154493 |0.00904977375565611 |12.768678399468703   |-6.296797339352349 |1   |
|ABQ   |OO               |3987       |7.785302232254828 |8.529721595184348 |0.004514672686230248|12.768678399468703   |-4.9833761672138746|2   |
|ABQ   |MQ               |907        |9.846747519294377 |11.23263506063947 |0.006615214994487321|12.768678399468703   |-2.921930880174326 |3   |
|ABQ   |UA               |1822       |9.891877058177826 |9.870472008781558 |0.010428100987925357|12.768678399468703   |-2.876801341290877 |4   |
|ABQ   |WN               |11610      |12.199483204134367|11.010249784668389|0.005254091300602929|12.768678399468703   |-0.5691951953343359|5   |
|ABQ   |AS               |423        |12.950354609929079|13.026004728132389|0.009456264775413711|12.768678399468703   |0.18167621046037574|6   |
|ABQ   |NK               |525        |14.203809523809523|14.278095238095238|0.011428571428571429|12.768678399468703   |1.4351311243408205 |7   |
|ABQ   |AA               |3016       |23.8723474801061  |24.518236074270558|0.020888594164456233|12.768678399468703   |11.103669080637397 |8   |
|ABQ   |B6               |255        |51.16470588235294 |50.23137254901961 |0.0196078431372549  |12.768678399468703   |38.396027482884236 |9   |
|ABR   |OO               |728        |23.119505494505493|22.938186813186814|0.008241758241758242|23.119505494505493   |0.0                |1   |
|ABY   |9E               |38         |15.842105263157896|16.263157894736842|0.0                 |22.511111111111113   |-6.669005847953217 |1   |
|ABY   |OO               |727        |22.859697386519944|23.876203576341126|0.009628610729023384|22.511111111111113   |0.3485862754088309 |2   |
|ACK   |YX               |619        |18.533117932148627|21.516962843295637|0.0840064620355412  |19.930149253731344   |-1.3970313215827161|1   |
|ACK   |B6               |1007       |20.400198609731877|19.46573982125124 |0.038728897715988087|19.930149253731344   |0.47004935600053344|2   |
|ACK   |MQ               |22         |22.681818181818183|24.863636363636363|0.0                 |19.930149253731344   |2.75166892808684   |3   |
+------+-----------------+-----------+------------------+------------------+--------------------+---------------------+-------------------+----+
only showing top 20 rows



======================================================================
Analisi 3.3 SPARK CORE
Execution timestamp: 2026-05-24 10:54:39.242998
Execution time: 5.36 seconds

RESULTS (TOP 20)
----------------------------------------------------------------------
+------+-----------------+-----------+------------------+------------------+--------------------+---------------------+-------------------+----+
|origin|op_unique_carrier|num_flights|avg_dep_delay     |avg_arr_delay     |cancellation_rate   |airport_avg_dep_delay|dep_delay_diff     |rank|
+------+-----------------+-----------+------------------+------------------+--------------------+---------------------+-------------------+----+
|ABE   |9E               |2034       |13.43362831858407 |13.583087512291051|0.01376597836774828 |17.849665667512106   |-4.416037348928036 |1   |
|ABE   |G4               |3678       |15.015225666122893|14.671560630777597|0.01631321370309951 |17.849665667512106   |-2.834440001389213 |2   |
|ABE   |OH               |2332       |21.493138936535164|20.178387650085764|0.012864493996569469|17.849665667512106   |3.6434732690230582 |3   |
|ABE   |OO               |630        |35.16825396825397 |33.67301587301587 |0.0380952380952381  |17.849665667512106   |17.318588300741865 |4   |
|ABI   |MQ               |3514       |12.170176437108708|12.85088218554354 |0.008537279453614115|12.170176437108708   |0.0                |1   |
|ABQ   |DL               |3094       |6.471881060116354 |6.904330963154493 |0.00904977375565611 |12.768678399468703   |-6.296797339352349 |1   |
|ABQ   |OO               |7974       |7.785302232254828 |8.529721595184348 |0.004514672686230248|12.768678399468703   |-4.9833761672138746|2   |
|ABQ   |MQ               |1814       |9.846747519294377 |11.23263506063947 |0.006615214994487321|12.768678399468703   |-2.921930880174326 |3   |
|ABQ   |UA               |3644       |9.891877058177826 |9.870472008781558 |0.010428100987925357|12.768678399468703   |-2.876801341290877 |4   |
|ABQ   |WN               |23220      |12.199483204134367|11.010249784668389|0.005254091300602929|12.768678399468703   |-0.5691951953343359|5   |
|ABQ   |AS               |846        |12.950354609929079|13.026004728132389|0.009456264775413711|12.768678399468703   |0.18167621046037574|6   |
|ABQ   |NK               |1050       |14.203809523809523|14.278095238095238|0.011428571428571429|12.768678399468703   |1.4351311243408205 |7   |
|ABQ   |AA               |6032       |23.8723474801061  |24.518236074270558|0.020888594164456233|12.768678399468703   |11.103669080637397 |8   |
|ABQ   |B6               |510        |51.16470588235294 |50.23137254901961 |0.0196078431372549  |12.768678399468703   |38.396027482884236 |9   |
|ABR   |OO               |1456       |23.119505494505493|22.938186813186814|0.008241758241758242|23.119505494505493   |0.0                |1   |
|ABY   |9E               |76         |15.842105263157896|16.263157894736842|0.0                 |22.511111111111113   |-6.669005847953217 |1   |
|ABY   |OO               |1454       |22.859697386519944|23.876203576341126|0.009628610729023384|22.511111111111113   |0.3485862754088309 |2   |
|ACK   |YX               |1238       |18.533117932148627|21.516962843295637|0.0840064620355412  |19.930149253731344   |-1.3970313215827161|1   |
|ACK   |B6               |2014       |20.400198609731877|19.46573982125124 |0.038728897715988087|19.930149253731344   |0.47004935600053344|2   |
|ACK   |MQ               |44         |22.681818181818183|24.863636363636363|0.0                 |19.930149253731344   |2.75166892808684   |3   |
+------+-----------------+-----------+------------------+------------------+--------------------+---------------------+-------------------+----+
only showing top 20 rows



======================================================================
Analisi 3.3 SPARK CORE
Execution timestamp: 2026-05-24 10:55:15.811264
Execution time: 10.06 seconds

RESULTS (TOP 20)
----------------------------------------------------------------------
+------+-----------------+-----------+------------------+------------------+--------------------+---------------------+-------------------+----+
|origin|op_unique_carrier|num_flights|avg_dep_delay     |avg_arr_delay     |cancellation_rate   |airport_avg_dep_delay|dep_delay_diff     |rank|
+------+-----------------+-----------+------------------+------------------+--------------------+---------------------+-------------------+----+
|ABE   |9E               |4068       |13.43362831858407 |13.583087512291051|0.01376597836774828 |17.849665667512106   |-4.416037348928036 |1   |
|ABE   |G4               |7356       |15.015225666122893|14.671560630777597|0.01631321370309951 |17.849665667512106   |-2.834440001389213 |2   |
|ABE   |OH               |4664       |21.493138936535164|20.178387650085764|0.012864493996569469|17.849665667512106   |3.6434732690230582 |3   |
|ABE   |OO               |1260       |35.16825396825397 |33.67301587301587 |0.0380952380952381  |17.849665667512106   |17.318588300741865 |4   |
|ABI   |MQ               |7028       |12.170176437108708|12.85088218554354 |0.008537279453614115|12.170176437108708   |0.0                |1   |
|ABQ   |DL               |6188       |6.471881060116354 |6.904330963154493 |0.00904977375565611 |12.768678399468703   |-6.296797339352349 |1   |
|ABQ   |OO               |15948      |7.785302232254828 |8.529721595184348 |0.004514672686230248|12.768678399468703   |-4.9833761672138746|2   |
|ABQ   |MQ               |3628       |9.846747519294377 |11.23263506063947 |0.006615214994487321|12.768678399468703   |-2.921930880174326 |3   |
|ABQ   |UA               |7288       |9.891877058177826 |9.870472008781558 |0.010428100987925357|12.768678399468703   |-2.876801341290877 |4   |
|ABQ   |WN               |46440      |12.199483204134367|11.010249784668389|0.005254091300602929|12.768678399468703   |-0.5691951953343359|5   |
|ABQ   |AS               |1692       |12.950354609929079|13.026004728132389|0.009456264775413711|12.768678399468703   |0.18167621046037574|6   |
|ABQ   |NK               |2100       |14.203809523809523|14.278095238095238|0.011428571428571429|12.768678399468703   |1.4351311243408205 |7   |
|ABQ   |AA               |12064      |23.8723474801061  |24.518236074270558|0.020888594164456233|12.768678399468703   |11.103669080637397 |8   |
|ABQ   |B6               |1020       |51.16470588235294 |50.23137254901961 |0.0196078431372549  |12.768678399468703   |38.396027482884236 |9   |
|ABR   |OO               |2912       |23.119505494505493|22.938186813186814|0.008241758241758242|23.119505494505493   |0.0                |1   |
|ABY   |9E               |152        |15.842105263157896|16.263157894736842|0.0                 |22.511111111111113   |-6.669005847953217 |1   |
|ABY   |OO               |2908       |22.859697386519944|23.876203576341126|0.009628610729023384|22.511111111111113   |0.3485862754088309 |2   |
|ACK   |YX               |2476       |18.533117932148627|21.516962843295637|0.0840064620355412  |19.930149253731344   |-1.3970313215827161|1   |
|ACK   |B6               |4028       |20.400198609731877|19.46573982125124 |0.038728897715988087|19.930149253731344   |0.47004935600053344|2   |
|ACK   |MQ               |88         |22.681818181818183|24.863636363636363|0.0                 |19.930149253731344   |2.75166892808684   |3   |
+------+-----------------+-----------+------------------+------------------+--------------------+---------------------+-------------------+----+
only showing top 20 rows



================================================================================
SPARK SQL 3.3 - analisi_3_3_quarter
================================================================================
+------+-----------------+-----------+------------------+------------------+---------------------+--------------------+----+
|origin|op_unique_carrier|num_flights|avg_dep_delay     |avg_arr_delay     |cancellation_rate    |dep_delay_diff      |rank|
+------+-----------------+-----------+------------------+------------------+---------------------+--------------------+----+
|ABE   |9E               |236        |12.19915254237288 |13.016949152542374|0.00423728813559322  |-3.8437454557205424 |1   |
|ABE   |OO               |72         |14.652777777777779|14.055555555555555|0.027777777777777776 |-1.3901202203156444 |2   |
|ABE   |G4               |465        |16.159139784946237|16.333333333333332|0.015053763440860216 |0.1162417868528145  |3   |
|ABE   |OH               |276        |19.496376811594203|18.36231884057971 |0.010869565217391304 |3.45347881350078    |4   |
|ABI   |MQ               |464        |9.741379310344827 |10.814655172413794|0.010775862068965518 |0.0                 |1   |
|ABQ   |DL               |386        |3.411917098445596 |3.8860103626943006|0.0051813471502590676|-9.271073010197181  |1   |
|ABQ   |OO               |1066       |6.905253283302064 |7.608818011257036 |0.0028142589118198874|-5.777736825340713  |2   |
|ABQ   |MQ               |240        |10.075            |11.129166666666666|0.004166666666666667 |-2.6079901086427775 |3   |
|ABQ   |WN               |2924       |12.688098495212039|11.545485636114911|0.004103967168262654 |0.005108386569261825|4   |
|ABQ   |UA               |468        |13.995726495726496|13.508547008547009|0.017094017094017096 |1.312736387083719   |5   |
|ABQ   |NK               |119        |14.294117647058824|14.327731092436975|0.008403361344537815 |1.6111275384160475  |6   |
|ABQ   |AS               |106        |15.924528301886792|15.575471698113208|0.018867924528301886 |3.241538193244015   |7   |
|ABQ   |AA               |803        |20.86052303860523 |20.877957658779575|0.021170610211706103 |8.177532929962453   |8   |
|ABQ   |B6               |55         |60.54545454545455 |55.38181818181818 |0.0                  |47.86246443681177   |9   |
|ABR   |OO               |188        |23.80851063829787 |24.02127659574468 |0.010638297872340425 |0.0                 |1   |
|ABY   |9E               |9          |7.777777777777778 |8.0               |0.0                  |-19.586299892125133 |1   |
|ABY   |OO               |197        |28.258883248730964|28.548223350253807|0.0                  |0.894805578828052   |2   |
|ACK   |MQ               |3          |8.0               |7.0               |0.0                  |-9.746411483253588  |1   |
|ACK   |YX               |147        |12.34013605442177 |16.034013605442176|0.10204081632653061  |-5.406275428831819  |2   |
|ACK   |B6               |260        |19.942307692307693|15.26923076923077 |0.03076923076923077  |2.195896209054105   |3   |
+------+-----------------+-----------+------------------+------------------+---------------------+--------------------+----+
only showing top 20 rows


Execution time: 2.37 seconds

================================================================================
SPARK SQL 3.3 - analisi_3_3_half
================================================================================
+------+-----------------+-----------+------------------+------------------+--------------------+--------------------+----+
|origin|op_unique_carrier|num_flights|avg_dep_delay     |avg_arr_delay     |cancellation_rate   |dep_delay_diff      |rank|
+------+-----------------+-----------+------------------+------------------+--------------------+--------------------+----+
|ABE   |G4               |941        |14.657810839532413|14.59086078639745 |0.012752391073326248|-2.4976415966624828 |1   |
|ABE   |9E               |490        |15.004081632653062|15.3              |0.006122448979591836|-2.151370803541834  |2   |
|ABE   |OH               |576        |20.177083333333332|18.51215277777778 |0.015625            |3.0216308971384365  |3   |
|ABE   |OO               |148        |28.39864864864865 |27.4527027027027  |0.0472972972972973  |11.243196212453753  |4   |
|ABI   |MQ               |900        |10.075555555555555|10.992222222222223|0.008888888888888889|0.0                 |1   |
|ABQ   |DL               |776        |4.161082474226804 |4.698453608247423 |0.010309278350515464|-8.95714694812633   |1   |
|ABQ   |OO               |2102       |7.379638439581351 |8.04138915318744  |0.003805899143672693|-5.7385909827717825 |2   |
|ABQ   |MQ               |457        |10.172866520787746|11.645514223194748|0.002188183807439825|-2.945362901565387  |3   |
|ABQ   |UA               |912        |12.237938596491228|12.057017543859649|0.013157894736842105|-0.8802908258619055 |4   |
|ABQ   |WN               |5894       |12.709535120461487|11.57431286053614 |0.004750593824228029|-0.40869430189164646|5   |
|ABQ   |NK               |258        |14.484496124031008|14.507751937984496|0.003875968992248062|1.3662667016778745  |6   |
|ABQ   |AS               |204        |16.029411764705884|16.475490196078432|0.00980392156862745 |2.9111823423527508  |7   |
|ABQ   |AA               |1504       |25.090425531914892|24.95811170212766 |0.020611702127659573|11.972196109561759  |8   |
|ABQ   |B6               |115        |53.278260869565216|50.130434782608695|0.02608695652173913 |40.160031447212084  |9   |
|ABR   |OO               |379        |23.218997361477573|23.25065963060686 |0.0079155672823219  |0.0                 |1   |
|ABY   |9E               |17         |12.823529411764707|12.529411764705882|0.0                 |-12.758521870286575 |1   |
|ABY   |OO               |373        |26.16353887399464 |27.17426273458445 |0.002680965147453083|0.5814875919433575  |2   |
|ACK   |MQ               |10         |11.0              |13.3              |0.0                 |-10.594152046783627 |1   |
|ACK   |YX               |294        |21.078231292517007|23.666666666666668|0.0782312925170068  |-0.5159207542666202 |2   |
|ACK   |B6               |537        |21.84171322160149 |19.93854748603352 |0.04655493482309125 |0.24756117481786433 |3   |
+------+-----------------+-----------+------------------+------------------+--------------------+--------------------+----+
only showing top 20 rows


Execution time: 1.67 seconds

================================================================================
SPARK SQL 3.3 - analisi_3_3
================================================================================
+------+-----------------+-----------+------------------+------------------+--------------------+-------------------+----+
|origin|op_unique_carrier|num_flights|avg_dep_delay     |avg_arr_delay     |cancellation_rate   |dep_delay_diff     |rank|
+------+-----------------+-----------+------------------+------------------+--------------------+-------------------+----+
|ABE   |9E               |1017       |13.43362831858407 |13.583087512291051|0.01376597836774828 |-4.416037348928036 |1   |
|ABE   |G4               |1839       |15.015225666122893|14.671560630777597|0.01631321370309951 |-2.834440001389213 |2   |
|ABE   |OH               |1166       |21.493138936535164|20.178387650085764|0.012864493996569469|3.6434732690230582 |3   |
|ABE   |OO               |315        |35.16825396825397 |33.67301587301587 |0.0380952380952381  |17.318588300741865 |4   |
|ABI   |MQ               |1757       |12.170176437108708|12.85088218554354 |0.008537279453614115|0.0                |1   |
|ABQ   |DL               |1547       |6.471881060116354 |6.904330963154493 |0.00904977375565611 |-6.296797339352349 |1   |
|ABQ   |OO               |3987       |7.785302232254828 |8.529721595184348 |0.004514672686230248|-4.9833761672138746|2   |
|ABQ   |MQ               |907        |9.846747519294377 |11.23263506063947 |0.006615214994487321|-2.921930880174326 |3   |
|ABQ   |UA               |1822       |9.891877058177826 |9.870472008781558 |0.010428100987925357|-2.876801341290877 |4   |
|ABQ   |WN               |11610      |12.199483204134367|11.010249784668389|0.005254091300602929|-0.5691951953343359|5   |
|ABQ   |AS               |423        |12.950354609929079|13.026004728132389|0.009456264775413711|0.18167621046037574|6   |
|ABQ   |NK               |525        |14.203809523809523|14.278095238095238|0.011428571428571429|1.4351311243408205 |7   |
|ABQ   |AA               |3016       |23.8723474801061  |24.518236074270558|0.020888594164456233|11.103669080637397 |8   |
|ABQ   |B6               |255        |51.16470588235294 |50.23137254901961 |0.0196078431372549  |38.396027482884236 |9   |
|ABR   |OO               |728        |23.119505494505493|22.938186813186814|0.008241758241758242|0.0                |1   |
|ABY   |9E               |38         |15.842105263157896|16.263157894736842|0.0                 |-6.669005847953217 |1   |
|ABY   |OO               |727        |22.859697386519944|23.876203576341126|0.009628610729023384|0.3485862754088309 |2   |
|ACK   |YX               |619        |18.533117932148627|21.516962843295637|0.0840064620355412  |-1.3970313215827161|1   |
|ACK   |B6               |1007       |20.400198609731877|19.46573982125124 |0.038728897715988087|0.47004935600053344|2   |
|ACK   |MQ               |22         |22.681818181818183|24.863636363636363|0.0                 |2.75166892808684   |3   |
+------+-----------------+-----------+------------------+------------------+--------------------+-------------------+----+
only showing top 20 rows


Execution time: 10.28 seconds

================================================================================
SPARK SQL 3.3 - analisi_3_3_double
================================================================================
+------+-----------------+-----------+------------------+------------------+--------------------+-------------------+----+
|origin|op_unique_carrier|num_flights|avg_dep_delay     |avg_arr_delay     |cancellation_rate   |dep_delay_diff     |rank|
+------+-----------------+-----------+------------------+------------------+--------------------+-------------------+----+
|ABE   |9E               |2034       |13.43362831858407 |13.583087512291051|0.01376597836774828 |-4.416037348928036 |1   |
|ABE   |G4               |3678       |15.015225666122893|14.671560630777597|0.01631321370309951 |-2.834440001389213 |2   |
|ABE   |OH               |2332       |21.493138936535164|20.178387650085764|0.012864493996569469|3.6434732690230582 |3   |
|ABE   |OO               |630        |35.16825396825397 |33.67301587301587 |0.0380952380952381  |17.318588300741865 |4   |
|ABI   |MQ               |3514       |12.170176437108708|12.85088218554354 |0.008537279453614115|0.0                |1   |
|ABQ   |DL               |3094       |6.471881060116354 |6.904330963154493 |0.00904977375565611 |-6.296797339352349 |1   |
|ABQ   |OO               |7974       |7.785302232254828 |8.529721595184348 |0.004514672686230248|-4.9833761672138746|2   |
|ABQ   |MQ               |1814       |9.846747519294377 |11.23263506063947 |0.006615214994487321|-2.921930880174326 |3   |
|ABQ   |UA               |3644       |9.891877058177826 |9.870472008781558 |0.010428100987925357|-2.876801341290877 |4   |
|ABQ   |WN               |23220      |12.199483204134367|11.010249784668389|0.005254091300602929|-0.5691951953343359|5   |
|ABQ   |AS               |846        |12.950354609929079|13.026004728132389|0.009456264775413711|0.18167621046037574|6   |
|ABQ   |NK               |1050       |14.203809523809523|14.278095238095238|0.011428571428571429|1.4351311243408205 |7   |
|ABQ   |AA               |6032       |23.8723474801061  |24.518236074270558|0.020888594164456233|11.103669080637397 |8   |
|ABQ   |B6               |510        |51.16470588235294 |50.23137254901961 |0.0196078431372549  |38.396027482884236 |9   |
|ABR   |OO               |1456       |23.119505494505493|22.938186813186814|0.008241758241758242|0.0                |1   |
|ABY   |9E               |76         |15.842105263157896|16.263157894736842|0.0                 |-6.669005847953217 |1   |
|ABY   |OO               |1454       |22.859697386519944|23.876203576341126|0.009628610729023384|0.3485862754088309 |2   |
|ACK   |YX               |1238       |18.533117932148627|21.516962843295637|0.0840064620355412  |-1.3970313215827161|1   |
|ACK   |B6               |2014       |20.400198609731877|19.46573982125124 |0.038728897715988087|0.47004935600053344|2   |
|ACK   |MQ               |44         |22.681818181818183|24.863636363636363|0.0                 |2.75166892808684   |3   |
+------+-----------------+-----------+------------------+------------------+--------------------+-------------------+----+
only showing top 20 rows


Execution time: 5.56 seconds

================================================================================
SPARK SQL 3.3 - analisi_3_3_quadruple
================================================================================
+------+-----------------+-----------+------------------+------------------+--------------------+-------------------+----+
|origin|op_unique_carrier|num_flights|avg_dep_delay     |avg_arr_delay     |cancellation_rate   |dep_delay_diff     |rank|
+------+-----------------+-----------+------------------+------------------+--------------------+-------------------+----+
|ABE   |9E               |4068       |13.43362831858407 |13.583087512291051|0.01376597836774828 |-4.416037348928036 |1   |
|ABE   |G4               |7356       |15.015225666122893|14.671560630777597|0.01631321370309951 |-2.834440001389213 |2   |
|ABE   |OH               |4664       |21.493138936535164|20.178387650085764|0.012864493996569469|3.6434732690230582 |3   |
|ABE   |OO               |1260       |35.16825396825397 |33.67301587301587 |0.0380952380952381  |17.318588300741865 |4   |
|ABI   |MQ               |7028       |12.170176437108708|12.85088218554354 |0.008537279453614115|0.0                |1   |
|ABQ   |DL               |6188       |6.471881060116354 |6.904330963154493 |0.00904977375565611 |-6.296797339352349 |1   |
|ABQ   |OO               |15948      |7.785302232254828 |8.529721595184348 |0.004514672686230248|-4.9833761672138746|2   |
|ABQ   |MQ               |3628       |9.846747519294377 |11.23263506063947 |0.006615214994487321|-2.921930880174326 |3   |
|ABQ   |UA               |7288       |9.891877058177826 |9.870472008781558 |0.010428100987925357|-2.876801341290877 |4   |
|ABQ   |WN               |46440      |12.199483204134367|11.010249784668389|0.005254091300602929|-0.5691951953343359|5   |
|ABQ   |AS               |1692       |12.950354609929079|13.026004728132389|0.009456264775413711|0.18167621046037574|6   |
|ABQ   |NK               |2100       |14.203809523809523|14.278095238095238|0.011428571428571429|1.4351311243408205 |7   |
|ABQ   |AA               |12064      |23.8723474801061  |24.518236074270558|0.020888594164456233|11.103669080637397 |8   |
|ABQ   |B6               |1020       |51.16470588235294 |50.23137254901961 |0.0196078431372549  |38.396027482884236 |9   |
|ABR   |OO               |2912       |23.119505494505493|22.938186813186814|0.008241758241758242|0.0                |1   |
|ABY   |9E               |152        |15.842105263157896|16.263157894736842|0.0                 |-6.669005847953217 |1   |
|ABY   |OO               |2908       |22.859697386519944|23.876203576341126|0.009628610729023384|0.3485862754088309 |2   |
|ACK   |YX               |2476       |18.533117932148627|21.516962843295637|0.0840064620355412  |-1.3970313215827161|1   |
|ACK   |B6               |4028       |20.400198609731877|19.46573982125124 |0.038728897715988087|0.47004935600053344|2   |
|ACK   |MQ               |88         |22.681818181818183|24.863636363636363|0.0                 |2.75166892808684   |3   |
+------+-----------------+-----------+------------------+------------------+--------------------+-------------------+----+
only showing top 20 rows


Execution time: 12.78 seconds

======================================================================
Analisi 3.1 SPARK CORE
Execution timestamp: 2026-05-25 17:54:14.315304
Execution time: 1.46 seconds

RESULTS (TOP 20)
----------------------------------------------------------------------
+-----------------+------+-----------+-------------+-------------+------------------+--------------------+
|op_unique_carrier|origin|num_flights|min_arr_delay|max_arr_delay|avg_arr_delay     |cancellation_rate   |
+-----------------+------+-----------+-------------+-------------+------------------+--------------------+
|WN               |BWI   |18473      |0.0          |665.0        |14.781031776105667|0.008769555567585125|
|DL               |STL   |1352       |0.0          |1003.0       |12.403846153846153|0.006656804733727811|
|G4               |BNA   |763        |0.0          |1575.0       |23.399737876802096|0.014416775884665793|
|DL               |MSY   |1772       |0.0          |1136.0       |12.773702031602708|0.011286681715575621|
|WN               |ALB   |869        |0.0          |573.0        |13.07825086306099 |0.01380897583429229 |
|OO               |TUL   |868        |0.0          |1195.0       |13.190092165898617|0.009216589861751152|
|B6               |SRQ   |193        |0.0          |1042.0       |20.419689119170986|0.046632124352331605|
|AS               |IAH   |233        |0.0          |286.0        |13.699570815450643|0.008583690987124463|
|G4               |IND   |362        |0.0          |882.0        |20.743093922651934|0.022099447513812154|
|AS               |SLC   |317        |0.0          |153.0        |9.779179810725552 |0.01892744479495268 |
|WN               |MAF   |911        |0.0          |393.0        |10.721185510428102|0.008781558726673985|
|OH               |MKE   |262        |0.0          |712.0        |25.263358778625953|0.011450381679389313|
|MQ               |HSV   |466        |0.0          |393.0        |17.373390557939913|0.008583690987124463|
|B6               |PSP   |19         |0.0          |169.0        |31.63157894736842 |0.0                 |
|DL               |OAK   |160        |0.0          |529.0        |6.48125           |0.025               |
|F9               |CHS   |52         |0.0          |218.0        |21.846153846153847|0.0                 |
|NK               |RIC   |262        |0.0          |249.0        |20.22519083969466 |0.022900763358778626|
|OH               |SAV   |891        |0.0          |1759.0       |17.443322109988777|0.010101010101010102|
|9E               |MGM   |246        |0.0          |1132.0       |15.825203252032521|0.0                 |
|B6               |PDX   |59         |0.0          |1190.0       |82.8135593220339  |0.03389830508474576 |
+-----------------+------+-----------+-------------+-------------+------------------+--------------------+
only showing top 20 rows



======================================================================
Analisi 3.1 SPARK CORE
Execution timestamp: 2026-05-25 17:54:18.750607
Execution time: 1.25 seconds

RESULTS (TOP 20)
----------------------------------------------------------------------
+-----------------+------+-----------+-------------+-------------+------------------+--------------------+
|op_unique_carrier|origin|num_flights|min_arr_delay|max_arr_delay|avg_arr_delay     |cancellation_rate   |
+-----------------+------+-----------+-------------+-------------+------------------+--------------------+
|WN               |BWI   |36883      |0.0          |665.0        |14.463275763902068|0.009082775262315972|
|DL               |STL   |2765       |0.0          |1052.0       |11.614104882459312|0.00867992766726944 |
|G4               |BNA   |1567       |0.0          |1575.0       |19.795149968091895|0.012763241863433313|
|DL               |MSY   |3557       |0.0          |1136.0       |13.970199606409896|0.010683159966263706|
|WN               |ALB   |1798       |0.0          |573.0        |12.566184649610678|0.012791991101223582|
|OO               |TUL   |1753       |0.0          |1195.0       |11.464917284654877|0.01026811180832858 |
|B6               |SRQ   |380        |0.0          |1203.0       |23.094736842105263|0.04473684210526316 |
|AS               |IAH   |443        |0.0          |318.0        |12.792325056433409|0.022573363431151242|
|G4               |IND   |732        |0.0          |1095.0       |23.614754098360656|0.02185792349726776 |
|AS               |SLC   |626        |0.0          |638.0        |13.134185303514377|0.01437699680511182 |
|WN               |MAF   |1816       |0.0          |466.0        |11.066629955947137|0.008259911894273128|
|OH               |MKE   |533        |0.0          |947.0        |22.315196998123827|0.0075046904315197  |
|MQ               |HSV   |929        |0.0          |407.0        |17.92465016146394 |0.012917115177610334|
|B6               |PSP   |31         |0.0          |169.0        |29.516129032258064|0.0                 |
|DL               |OAK   |299        |0.0          |970.0        |11.384615384615385|0.013377926421404682|
|F9               |CHS   |103        |0.0          |250.0        |19.737864077669904|0.019417475728155338|
|OO               |EAU   |14         |0.0          |29.0         |5.285714285714286 |0.07142857142857142 |
|NK               |RIC   |539        |0.0          |931.0        |20.807050092764378|0.01855287569573284 |
|OH               |SAV   |1749       |0.0          |1759.0       |15.580903373356204|0.009719839908519153|
|9E               |MGM   |452        |0.0          |1132.0       |12.798672566371682|0.004424778761061947|
+-----------------+------+-----------+-------------+-------------+------------------+--------------------+
only showing top 20 rows



======================================================================
Analisi 3.1 SPARK CORE
Execution timestamp: 2026-05-25 17:54:30.951868
Execution time: 2.00 seconds

RESULTS (TOP 20)
----------------------------------------------------------------------
+-----------------+------+-----------+-------------+-------------+------------------+--------------------+
|op_unique_carrier|origin|num_flights|min_arr_delay|max_arr_delay|avg_arr_delay     |cancellation_rate   |
+-----------------+------+-----------+-------------+-------------+------------------+--------------------+
|AS               |IAH   |883        |0.0          |323.0        |12.90373725934315 |0.02378255945639864 |
|AS               |SLC   |1235       |0.0          |638.0        |11.180566801619433|0.01862348178137652 |
|B6               |SRQ   |769        |0.0          |1203.0       |22.211963589076724|0.03901170351105332 |
|DL               |STL   |5528       |0.0          |1057.0       |11.318921852387843|0.00723589001447178 |
|DL               |MSY   |7243       |0.0          |1278.0       |13.835703437802016|0.009526439320723458|
|G4               |BNA   |3029       |0.0          |1575.0       |17.049191152195444|0.014526246285902938|
|G4               |IND   |1478       |0.0          |1098.0       |22.119079837618404|0.02097428958051421 |
|OO               |TUL   |3500       |0.0          |1195.0       |11.489142857142857|0.006857142857142857|
|WN               |BWI   |73243      |0.0          |665.0        |14.590923364690141|0.009106672309981842|
|WN               |ALB   |3532       |0.0          |646.0        |12.305209513023783|0.009060022650056626|
|B6               |PSP   |79         |0.0          |1046.0       |32.379746835443036|0.012658227848101266|
|DL               |OAK   |567        |0.0          |970.0        |9.982363315696649 |0.014109347442680775|
|MQ               |HSV   |1840       |0.0          |710.0        |17.71195652173913 |0.016304347826086956|
|OH               |MKE   |997        |0.0          |1270.0       |22.42026078234704 |0.01805416248746239 |
|WN               |MAF   |3675       |0.0          |555.0        |11.417414965986394|0.010068027210884354|
|9E               |MGM   |922        |0.0          |1132.0       |13.313449023861171|0.006507592190889371|
|MQ               |VPS   |382        |0.0          |919.0        |20.787958115183248|0.028795811518324606|
|NK               |RIC   |1110       |0.0          |931.0        |19.947747747747748|0.018018018018018018|
|OH               |SAV   |3484       |0.0          |1858.0       |15.713260619977039|0.012629161882893225|
|9E               |TVC   |241        |0.0          |1144.0       |15.32780082987552 |0.008298755186721992|
+-----------------+------+-----------+-------------+-------------+------------------+--------------------+
only showing top 20 rows



======================================================================
Analisi 3.1 SPARK CORE
Execution timestamp: 2026-05-25 17:54:44.431903
Execution time: 2.98 seconds

RESULTS (TOP 20)
----------------------------------------------------------------------
+-----------------+------+-----------+-------------+-------------+------------------+--------------------+
|op_unique_carrier|origin|num_flights|min_arr_delay|max_arr_delay|avg_arr_delay     |cancellation_rate   |
+-----------------+------+-----------+-------------+-------------+------------------+--------------------+
|AS               |IAH   |1766       |0.0          |323.0        |12.90373725934315 |0.02378255945639864 |
|AS               |SLC   |2470       |0.0          |638.0        |11.180566801619433|0.01862348178137652 |
|B6               |SRQ   |1538       |0.0          |1203.0       |22.211963589076724|0.03901170351105332 |
|DL               |STL   |11056      |0.0          |1057.0       |11.318921852387843|0.00723589001447178 |
|DL               |MSY   |14486      |0.0          |1278.0       |13.835703437802016|0.009526439320723458|
|G4               |BNA   |6058       |0.0          |1575.0       |17.049191152195444|0.014526246285902938|
|G4               |IND   |2956       |0.0          |1098.0       |22.119079837618404|0.02097428958051421 |
|OO               |TUL   |7000       |0.0          |1195.0       |11.489142857142857|0.006857142857142857|
|WN               |BWI   |146486     |0.0          |665.0        |14.590923364690141|0.009106672309981842|
|WN               |ALB   |7064       |0.0          |646.0        |12.305209513023783|0.009060022650056626|
|B6               |PSP   |158        |0.0          |1046.0       |32.379746835443036|0.012658227848101266|
|DL               |OAK   |1134       |0.0          |970.0        |9.982363315696649 |0.014109347442680775|
|MQ               |HSV   |3680       |0.0          |710.0        |17.71195652173913 |0.016304347826086956|
|OH               |MKE   |1994       |0.0          |1270.0       |22.42026078234704 |0.01805416248746239 |
|WN               |MAF   |7350       |0.0          |555.0        |11.417414965986394|0.010068027210884354|
|F9               |CHS   |350        |0.0          |250.0        |21.434285714285714|0.022857142857142857|
|9E               |MGM   |1844       |0.0          |1132.0       |13.313449023861171|0.006507592190889371|
|MQ               |VPS   |764        |0.0          |919.0        |20.787958115183248|0.028795811518324606|
|NK               |RIC   |2220       |0.0          |931.0        |19.947747747747748|0.018018018018018018|
|OH               |SAV   |6968       |0.0          |1858.0       |15.713260619977039|0.012629161882893225|
+-----------------+------+-----------+-------------+-------------+------------------+--------------------+
only showing top 20 rows



======================================================================
Analisi 3.1 SPARK CORE
Execution timestamp: 2026-05-25 17:55:13.554398
Execution time: 6.31 seconds

RESULTS (TOP 20)
----------------------------------------------------------------------
+-----------------+------+-----------+-------------+-------------+------------------+--------------------+
|op_unique_carrier|origin|num_flights|min_arr_delay|max_arr_delay|avg_arr_delay     |cancellation_rate   |
+-----------------+------+-----------+-------------+-------------+------------------+--------------------+
|AS               |IAH   |3532       |0.0          |323.0        |12.90373725934315 |0.02378255945639864 |
|AS               |SLC   |4940       |0.0          |638.0        |11.180566801619433|0.01862348178137652 |
|B6               |SRQ   |3076       |0.0          |1203.0       |22.211963589076724|0.03901170351105332 |
|DL               |STL   |22112      |0.0          |1057.0       |11.318921852387843|0.00723589001447178 |
|DL               |MSY   |28972      |0.0          |1278.0       |13.835703437802016|0.009526439320723458|
|G4               |BNA   |12116      |0.0          |1575.0       |17.049191152195444|0.014526246285902938|
|G4               |IND   |5912       |0.0          |1098.0       |22.119079837618404|0.02097428958051421 |
|OO               |TUL   |14000      |0.0          |1195.0       |11.489142857142857|0.006857142857142857|
|WN               |BWI   |292972     |0.0          |665.0        |14.590923364690141|0.009106672309981842|
|WN               |ALB   |14128      |0.0          |646.0        |12.305209513023783|0.009060022650056626|
|B6               |PSP   |316        |0.0          |1046.0       |32.379746835443036|0.012658227848101266|
|DL               |OAK   |2268       |0.0          |970.0        |9.982363315696649 |0.014109347442680775|
|MQ               |HSV   |7360       |0.0          |710.0        |17.71195652173913 |0.016304347826086956|
|OH               |MKE   |3988       |0.0          |1270.0       |22.42026078234704 |0.01805416248746239 |
|WN               |MAF   |14700      |0.0          |555.0        |11.417414965986394|0.010068027210884354|
|F9               |CHS   |700        |0.0          |250.0        |21.434285714285714|0.022857142857142857|
|9E               |MGM   |3688       |0.0          |1132.0       |13.313449023861171|0.006507592190889371|
|MQ               |VPS   |1528       |0.0          |919.0        |20.787958115183248|0.028795811518324606|
|NK               |RIC   |4440       |0.0          |931.0        |19.947747747747748|0.018018018018018018|
|OH               |SAV   |13936      |0.0          |1858.0       |15.713260619977039|0.012629161882893225|
+-----------------+------+-----------+-------------+-------------+------------------+--------------------+
only showing top 20 rows



================================================================================
SPARK SQL 3.1 - analisi_3_1_quarter
================================================================================
+-----------------+------+-----------+-------------+-------------+------------------+--------------------+---------------------------------------+
|op_unique_carrier|origin|num_flights|min_arr_delay|max_arr_delay|avg_arr_delay     |cancellation_rate   |months_active                          |
+-----------------+------+-----------+-------------+-------------+------------------+--------------------+---------------------------------------+
|9E               |ABE   |236        |0.0          |386.0        |13.016949152542374|0.00423728813559322 |[12, 9, 1, 5, 2, 6, 3, 10, 7, 4, 11, 8]|
|9E               |ABY   |9          |0.0          |43.0         |8.0               |0.0                 |[12, 1, 2, 3, 11]                      |
|9E               |AEX   |212        |0.0          |872.0        |27.0              |0.009433962264150943|[12, 9, 1, 5, 2, 6, 3, 10, 7, 4, 11, 8]|
|9E               |AGS   |386        |0.0          |534.0        |16.930051813471504|0.02072538860103627 |[12, 9, 1, 5, 2, 6, 3, 10, 7, 4, 11, 8]|
|9E               |ALB   |275        |0.0          |380.0        |8.956363636363637 |0.01818181818181818 |[12, 9, 1, 5, 2, 6, 3, 10, 7, 4, 11, 8]|
|9E               |ATL   |6657       |0.0          |983.0        |10.762505633168093|0.01216764308246958 |[12, 9, 1, 5, 2, 6, 3, 10, 7, 4, 11, 8]|
|9E               |ATW   |40         |0.0          |420.0        |30.8              |0.0                 |[9, 1, 5, 6, 10, 4]                    |
|9E               |AUS   |101        |0.0          |469.0        |15.514851485148515|0.0                 |[1, 5, 2, 6, 3, 7, 4, 11]              |
|9E               |AVL   |161        |0.0          |835.0        |17.714285714285715|0.012422360248447204|[12, 9, 1, 5, 2, 6, 3, 10, 7, 4, 11, 8]|
|9E               |AZO   |3          |0.0          |71.0         |24.0              |0.0                 |[1]                                    |
|9E               |BDL   |86         |0.0          |303.0        |10.534883720930232|0.046511627906976744|[12, 9, 1, 5, 2, 6, 3, 10, 7, 4, 8]    |
|9E               |BGM   |102        |0.0          |1051.0       |31.245098039215687|0.0392156862745098  |[12, 9, 1, 5, 2, 6, 3, 10, 7, 4, 11, 8]|
|9E               |BGR   |306        |0.0          |459.0        |12.993464052287582|0.032679738562091505|[12, 9, 1, 5, 2, 6, 3, 10, 7, 4, 11, 8]|
|9E               |BHM   |281        |0.0          |330.0        |12.01423487544484 |0.03558718861209965 |[12, 9, 1, 5, 2, 6, 3, 10, 7, 4, 11, 8]|
|9E               |BIS   |4          |2.0          |102.0        |41.25             |0.0                 |[7, 8]                                 |
|9E               |BMI   |174        |0.0          |380.0        |13.0              |0.017241379310344827|[12, 9, 1, 5, 2, 6, 3, 10, 7, 4, 11, 8]|
|9E               |BNA   |299        |0.0          |893.0        |15.602006688963211|0.04013377926421405 |[12, 9, 1, 5, 2, 6, 3, 10, 7, 4, 11, 8]|
|9E               |BOS   |3          |0.0          |0.0          |0.0               |0.0                 |[1]                                    |
|9E               |BQK   |31         |0.0          |163.0        |17.580645161290324|0.0                 |[12, 6, 3, 4, 11]                      |
|9E               |BTR   |132        |0.0          |278.0        |14.674242424242424|0.007575757575757576|[12, 9, 1, 5, 2, 6, 3, 10, 7, 11, 8]   |
+-----------------+------+-----------+-------------+-------------+------------------+--------------------+---------------------------------------+
only showing top 20 rows


Execution time: 2.30 seconds

================================================================================
SPARK SQL 3.1 - analisi_3_1_half
================================================================================
+-----------------+------+-----------+-------------+-------------+------------------+--------------------+---------------------------------------+
|op_unique_carrier|origin|num_flights|min_arr_delay|max_arr_delay|avg_arr_delay     |cancellation_rate   |months_active                          |
+-----------------+------+-----------+-------------+-------------+------------------+--------------------+---------------------------------------+
|9E               |ABE   |490        |0.0          |575.0        |15.3              |0.006122448979591836|[12, 9, 1, 5, 2, 6, 3, 10, 7, 4, 11, 8]|
|9E               |ABY   |17         |0.0          |141.0        |12.529411764705882|0.0                 |[12, 1, 2, 3, 11]                      |
|9E               |AEX   |426        |0.0          |872.0        |21.73474178403756 |0.014084507042253521|[12, 9, 1, 5, 2, 6, 3, 10, 7, 4, 11, 8]|
|9E               |AGS   |829        |0.0          |534.0        |15.655006031363088|0.018094089264173704|[12, 9, 1, 5, 2, 6, 3, 10, 7, 4, 11, 8]|
|9E               |ALB   |533        |0.0          |394.0        |8.045028142589118 |0.020637898686679174|[12, 9, 1, 5, 2, 6, 3, 10, 7, 4, 11, 8]|
|9E               |ATL   |13383      |0.0          |991.0        |10.774639467981768|0.011208249271463798|[12, 9, 1, 5, 2, 6, 3, 10, 7, 4, 11, 8]|
|9E               |ATW   |78         |0.0          |420.0        |21.641025641025642|0.0                 |[9, 1, 5, 6, 10, 7, 4, 8]              |
|9E               |AUS   |203        |0.0          |1069.0       |17.492610837438423|0.009852216748768473|[1, 5, 2, 6, 3, 7, 4, 11]              |
|9E               |AVL   |340        |0.0          |835.0        |13.955882352941176|0.01764705882352941 |[12, 9, 1, 5, 2, 6, 3, 10, 7, 4, 11, 8]|
|9E               |AZO   |7          |0.0          |71.0         |12.857142857142858|0.0                 |[1]                                    |
|9E               |BDL   |188        |0.0          |303.0        |10.547872340425531|0.026595744680851064|[12, 9, 1, 5, 2, 6, 3, 10, 7, 4, 8]    |
|9E               |BGM   |182        |0.0          |1051.0       |23.115384615384617|0.038461538461538464|[12, 9, 1, 5, 2, 6, 3, 10, 7, 4, 11, 8]|
|9E               |BGR   |654        |0.0          |459.0        |11.131498470948012|0.027522935779816515|[12, 9, 1, 5, 2, 6, 3, 10, 7, 4, 11, 8]|
|9E               |BHM   |556        |0.0          |372.0        |11.179856115107913|0.03597122302158273 |[12, 9, 1, 5, 2, 6, 3, 10, 7, 4, 11, 8]|
|9E               |BIS   |6          |0.0          |102.0        |28.333333333333332|0.0                 |[9, 7, 8]                              |
|9E               |BMI   |364        |0.0          |380.0        |12.104395604395604|0.016483516483516484|[12, 9, 1, 5, 2, 6, 3, 10, 7, 4, 11, 8]|
|9E               |BNA   |607        |0.0          |1132.0       |25.44810543657331 |0.04118616144975288 |[12, 9, 1, 5, 2, 6, 3, 10, 7, 4, 11, 8]|
|9E               |BOS   |6          |0.0          |23.0         |3.8333333333333335|0.0                 |[1]                                    |
|9E               |BQK   |63         |0.0          |165.0        |14.746031746031745|0.0                 |[12, 6, 3, 7, 4, 11]                   |
|9E               |BTR   |255        |0.0          |1015.0       |18.180392156862744|0.011764705882352941|[12, 9, 1, 5, 2, 6, 3, 10, 7, 11, 8]   |
+-----------------+------+-----------+-------------+-------------+------------------+--------------------+---------------------------------------+
only showing top 20 rows


Execution time: 3.50 seconds

================================================================================
SPARK SQL 3.1 - analisi_3_1
================================================================================
+-----------------+------+-----------+-------------+-------------+------------------+--------------------+---------------------------------------+
|op_unique_carrier|origin|num_flights|min_arr_delay|max_arr_delay|avg_arr_delay     |cancellation_rate   |months_active                          |
+-----------------+------+-----------+-------------+-------------+------------------+--------------------+---------------------------------------+
|9E               |ABE   |1017       |0.0          |575.0        |13.583087512291051|0.01376597836774828 |[12, 9, 1, 5, 2, 6, 3, 10, 7, 4, 11, 8]|
|9E               |ABY   |38         |0.0          |321.0        |16.263157894736842|0.0                 |[12, 1, 2, 3, 11]                      |
|9E               |AEX   |878        |0.0          |979.0        |19.444191343963553|0.010250569476082005|[12, 9, 1, 5, 2, 6, 3, 10, 7, 4, 11, 8]|
|9E               |AGS   |1603       |0.0          |1091.0       |16.252027448533998|0.020586400499064253|[12, 9, 1, 5, 2, 6, 3, 10, 7, 4, 11, 8]|
|9E               |ALB   |1089       |0.0          |394.0        |9.676767676767676 |0.01928374655647383 |[12, 9, 1, 5, 2, 6, 3, 10, 7, 4, 11, 8]|
|9E               |ATL   |26877      |0.0          |1207.0       |10.550582282248763|0.010901514305912118|[12, 9, 1, 5, 2, 6, 3, 10, 7, 4, 11, 8]|
|9E               |ATW   |176        |0.0          |420.0        |19.204545454545453|0.0                 |[9, 1, 5, 6, 10, 7, 4, 8]              |
|9E               |AUS   |379        |0.0          |1225.0       |20.883905013192614|0.005277044854881266|[1, 5, 2, 6, 3, 7, 4, 11]              |
|9E               |AVL   |675        |0.0          |949.0        |14.983703703703704|0.02074074074074074 |[12, 9, 1, 5, 2, 6, 3, 10, 7, 4, 11, 8]|
|9E               |AZO   |14         |0.0          |71.0         |6.428571428571429 |0.0                 |[1]                                    |
|9E               |BDL   |366        |0.0          |303.0        |11.03825136612022 |0.030054644808743168|[12, 9, 1, 5, 2, 6, 3, 10, 7, 4, 8]    |
|9E               |BGM   |367        |0.0          |1051.0       |18.019073569482288|0.0326975476839237  |[12, 9, 1, 5, 2, 6, 3, 10, 7, 4, 11, 8]|
|9E               |BGR   |1262       |0.0          |459.0        |9.432646592709984 |0.04041204437400951 |[12, 9, 1, 5, 2, 6, 3, 10, 7, 4, 11, 8]|
|9E               |BHM   |1115       |0.0          |730.0        |11.013452914798206|0.03497757847533632 |[12, 9, 1, 5, 2, 6, 3, 10, 7, 4, 11, 8]|
|9E               |BIS   |10         |0.0          |102.0        |19.8              |0.0                 |[9, 7, 8]                              |
|9E               |BMI   |731        |0.0          |567.0        |11.969904240766073|0.012311901504787962|[12, 9, 1, 5, 2, 6, 3, 10, 7, 4, 11, 8]|
|9E               |BNA   |1189       |0.0          |1214.0       |25.449957947855342|0.03784693019343986 |[12, 9, 1, 5, 2, 6, 3, 10, 7, 4, 11, 8]|
|9E               |BOS   |8          |0.0          |23.0         |2.875             |0.125               |[1]                                    |
|9E               |BQK   |142        |0.0          |508.0        |16.408450704225352|0.0                 |[12, 6, 3, 7, 4, 11]                   |
|9E               |BTR   |502        |0.0          |1015.0       |14.163346613545817|0.017928286852589643|[12, 9, 1, 5, 2, 6, 3, 10, 7, 11, 8]   |
+-----------------+------+-----------+-------------+-------------+------------------+--------------------+---------------------------------------+
only showing top 20 rows


Execution time: 6.39 seconds

================================================================================
SPARK SQL 3.1 - analisi_3_1_double
================================================================================
+-----------------+------+-----------+-------------+-------------+------------------+--------------------+---------------------------------------+
|op_unique_carrier|origin|num_flights|min_arr_delay|max_arr_delay|avg_arr_delay     |cancellation_rate   |months_active                          |
+-----------------+------+-----------+-------------+-------------+------------------+--------------------+---------------------------------------+
|9E               |ABE   |2034       |0.0          |575.0        |13.583087512291051|0.01376597836774828 |[12, 9, 1, 5, 2, 6, 3, 10, 7, 4, 11, 8]|
|9E               |ABY   |76         |0.0          |321.0        |16.263157894736842|0.0                 |[12, 1, 2, 3, 11]                      |
|9E               |AEX   |1756       |0.0          |979.0        |19.444191343963553|0.010250569476082005|[12, 9, 1, 5, 2, 6, 3, 10, 7, 4, 11, 8]|
|9E               |AGS   |3206       |0.0          |1091.0       |16.252027448533998|0.020586400499064253|[12, 9, 1, 5, 2, 6, 3, 10, 7, 4, 11, 8]|
|9E               |ALB   |2178       |0.0          |394.0        |9.676767676767676 |0.01928374655647383 |[12, 9, 1, 5, 2, 6, 3, 10, 7, 4, 11, 8]|
|9E               |ATL   |53754      |0.0          |1207.0       |10.550582282248763|0.010901514305912118|[12, 9, 1, 5, 2, 6, 3, 10, 7, 4, 11, 8]|
|9E               |ATW   |352        |0.0          |420.0        |19.204545454545453|0.0                 |[9, 1, 5, 6, 10, 7, 4, 8]              |
|9E               |AUS   |758        |0.0          |1225.0       |20.883905013192614|0.005277044854881266|[1, 5, 2, 6, 3, 7, 4, 11]              |
|9E               |AVL   |1350       |0.0          |949.0        |14.983703703703704|0.02074074074074074 |[12, 9, 1, 5, 2, 6, 3, 10, 7, 4, 11, 8]|
|9E               |AZO   |28         |0.0          |71.0         |6.428571428571429 |0.0                 |[1]                                    |
|9E               |BDL   |732        |0.0          |303.0        |11.03825136612022 |0.030054644808743168|[12, 9, 1, 5, 2, 6, 3, 10, 7, 4, 8]    |
|9E               |BGM   |734        |0.0          |1051.0       |18.019073569482288|0.0326975476839237  |[12, 9, 1, 5, 2, 6, 3, 10, 7, 4, 11, 8]|
|9E               |BGR   |2524       |0.0          |459.0        |9.432646592709984 |0.04041204437400951 |[12, 9, 1, 5, 2, 6, 3, 10, 7, 4, 11, 8]|
|9E               |BHM   |2230       |0.0          |730.0        |11.013452914798206|0.03497757847533632 |[12, 9, 1, 5, 2, 6, 3, 10, 7, 4, 11, 8]|
|9E               |BIS   |20         |0.0          |102.0        |19.8              |0.0                 |[9, 7, 8]                              |
|9E               |BMI   |1462       |0.0          |567.0        |11.969904240766073|0.012311901504787962|[12, 9, 1, 5, 2, 6, 3, 10, 7, 4, 11, 8]|
|9E               |BNA   |2378       |0.0          |1214.0       |25.449957947855342|0.03784693019343986 |[12, 9, 1, 5, 2, 6, 3, 10, 7, 4, 11, 8]|
|9E               |BOS   |16         |0.0          |23.0         |2.875             |0.125               |[1]                                    |
|9E               |BQK   |284        |0.0          |508.0        |16.408450704225352|0.0                 |[12, 6, 3, 7, 4, 11]                   |
|9E               |BTR   |1004       |0.0          |1015.0       |14.163346613545817|0.017928286852589643|[12, 9, 1, 5, 2, 6, 3, 10, 7, 11, 8]   |
+-----------------+------+-----------+-------------+-------------+------------------+--------------------+---------------------------------------+
only showing top 20 rows


Execution time: 11.29 seconds

================================================================================
SPARK SQL 3.1 - analisi_3_1_quadruple
================================================================================
+-----------------+------+-----------+-------------+-------------+------------------+--------------------+---------------------------------------+
|op_unique_carrier|origin|num_flights|min_arr_delay|max_arr_delay|avg_arr_delay     |cancellation_rate   |months_active                          |
+-----------------+------+-----------+-------------+-------------+------------------+--------------------+---------------------------------------+
|9E               |ABE   |4068       |0.0          |575.0        |13.583087512291051|0.01376597836774828 |[12, 9, 1, 5, 2, 6, 3, 10, 7, 4, 11, 8]|
|9E               |ABY   |152        |0.0          |321.0        |16.263157894736842|0.0                 |[12, 1, 2, 3, 11]                      |
|9E               |AEX   |3512       |0.0          |979.0        |19.444191343963553|0.010250569476082005|[12, 9, 1, 5, 2, 6, 3, 10, 7, 4, 11, 8]|
|9E               |AGS   |6412       |0.0          |1091.0       |16.252027448533998|0.020586400499064253|[12, 9, 1, 5, 2, 6, 3, 10, 7, 4, 11, 8]|
|9E               |ALB   |4356       |0.0          |394.0        |9.676767676767676 |0.01928374655647383 |[12, 9, 1, 5, 2, 6, 3, 10, 7, 4, 11, 8]|
|9E               |ATL   |107508     |0.0          |1207.0       |10.550582282248763|0.010901514305912118|[12, 9, 1, 5, 2, 6, 3, 10, 7, 4, 11, 8]|
|9E               |ATW   |704        |0.0          |420.0        |19.204545454545453|0.0                 |[9, 1, 5, 6, 10, 7, 4, 8]              |
|9E               |AUS   |1516       |0.0          |1225.0       |20.883905013192614|0.005277044854881266|[1, 5, 2, 6, 3, 7, 4, 11]              |
|9E               |AVL   |2700       |0.0          |949.0        |14.983703703703704|0.02074074074074074 |[12, 9, 1, 5, 2, 6, 3, 10, 7, 4, 11, 8]|
|9E               |AZO   |56         |0.0          |71.0         |6.428571428571429 |0.0                 |[1]                                    |
|9E               |BDL   |1464       |0.0          |303.0        |11.03825136612022 |0.030054644808743168|[12, 9, 1, 5, 2, 6, 3, 10, 7, 4, 8]    |
|9E               |BGM   |1468       |0.0          |1051.0       |18.019073569482288|0.0326975476839237  |[12, 9, 1, 5, 2, 6, 3, 10, 7, 4, 11, 8]|
|9E               |BGR   |5048       |0.0          |459.0        |9.432646592709984 |0.04041204437400951 |[12, 9, 1, 5, 2, 6, 3, 10, 7, 4, 11, 8]|
|9E               |BHM   |4460       |0.0          |730.0        |11.013452914798206|0.03497757847533632 |[12, 9, 1, 5, 2, 6, 3, 10, 7, 4, 11, 8]|
|9E               |BIS   |40         |0.0          |102.0        |19.8              |0.0                 |[9, 7, 8]                              |
|9E               |BMI   |2924       |0.0          |567.0        |11.969904240766073|0.012311901504787962|[12, 9, 1, 5, 2, 6, 3, 10, 7, 4, 11, 8]|
|9E               |BNA   |4756       |0.0          |1214.0       |25.449957947855342|0.03784693019343986 |[12, 9, 1, 5, 2, 6, 3, 10, 7, 4, 11, 8]|
|9E               |BOS   |32         |0.0          |23.0         |2.875             |0.125               |[1]                                    |
|9E               |BQK   |568        |0.0          |508.0        |16.408450704225352|0.0                 |[12, 6, 3, 7, 4, 11]                   |
|9E               |BTR   |2008       |0.0          |1015.0       |14.163346613545817|0.017928286852589643|[12, 9, 1, 5, 2, 6, 3, 10, 7, 11, 8]   |
+-----------------+------+-----------+-------------+-------------+------------------+--------------------+---------------------------------------+
only showing top 20 rows


Execution time: 16.59 seconds
